{
  "CSI_real": 0.338744,
  "CSI_null_mean": 0.369822,
  "CSI_null_std": 0.324595,
  "CSI_null_distribution": [
    0.77619,
    0.543174,
    0.0,
    0.705805,
    1.0,
    0.0,
    0.340603,
    0.84127,
    0.0,
    0.501209,
    0.452381,
    0.0,
    0.339113,
    0.0,
    0.0,
    0.540816,
    0.5,
    0.0,
    0.521886,
    1.0,
    0.0,
    0.337189,
    0.307692,
    0.0,
    0.702385,
    0.0,
    0.0,
    0.499029,
    0.734603,
    0.0,
    0.461855,
    0.827171,
    0.0,
    0.908696,
    0.272841,
    0.0,
    0.417989,
    0.820915,
    0.0,
    0.511528,
    0.4,
    0.0,
    0.381587,
    0.4,
    0.0,
    0.884886,
    0.622857,
    0.0,
    0.585045,
    0.352381
  ],
  "p_value": 0.588235,
  "effect_size_cohens_d": -0.095743,
  "CI_real": [
    -0.054574997960708256,
    0.8564900825016432
  ],
  "CI_null": [
    0.0,
    0.9794565217391303
  ],
  "decision": "artifact_detected",
  "interpretation": "The real clustering stability (0.3387) is indistinguishable from the null distribution mean (0.3698)."
}