{"matrix": {"cosine": {"cosine": 1.0, "euclidean": 0.7454007189680694, "lsh": 0.7392131979695431, "random_projection": 0.7376216673719848, "knn": 0.7533432392273403}, "euclidean": {"cosine": 0.7454007189680694, "euclidean": 1.0, "lsh": 0.7294979079497907, "random_projection": 0.7282813481264392, "knn": 0.7559737788115881}, "lsh": {"cosine": 0.7392131979695431, "euclidean": 0.7294979079497907, "lsh": 1.0, "random_projection": 0.9625387735623956, "knn": 0.7343815513626835}, "random_projection": {"cosine": 0.7376216673719848, "euclidean": 0.7282813481264392, "lsh": 0.9625387735623956, "random_projection": 1.0, "knn": 0.7317124292601132}, "knn": {"cosine": 0.7533432392273403, "euclidean": 0.7559737788115881, "lsh": 0.7343815513626835, "random_projection": 0.7317124292601132, "knn": 1.0}}}