{"OII": 0.721414589407687, "boundary_entropy": 0.7219280948873623, "k_distribution": [2, 2, 2, 2, 2]}