{
  "logistic_regression": {
    "auc": 0.9833333333333333,
    "precision": 0.9523809523809523,
    "recall": 1.0,
    "f1": 0.975609756097561
  },
  "random_forest": {
    "auc": 1.0,
    "precision": 1.0,
    "recall": 1.0,
    "f1": 1.0
  },
  "shallow_mlp": {
    "auc": 0.9855555555555555,
    "precision": 0.9523809523809523,
    "recall": 1.0,
    "f1": 0.975609756097561
  }
}