{
  "turn_count": 0.13082496598637156,
  "avg_len": 0.12188786690278872,
  "std_len": 0.11474603601279312,
  "max_len": 0.07084856633235126,
  "avg_entropy": 0.12931301162852707,
  "hedge_rate": 0.13420844824643793,
  "repair_rate": 0.0636140537952724,
  "reciprocity": 0.10272036290155687,
  "migration_pos": 0.0012455540459532309,
  "avg_len_diff": 0.13059113414794768
}